name,fans_num,country_region,platform,update_frequency,industry,display_volume,roi_forecast,avatar_link,budget,submit_ip,submit_time
Xcrosz,3350000,TH,YouTube,5/w,游戏,110000,0.1,https://ho.media/wp-content/uploads/2016/09/kol-y-Xcrosz.jpg,2000,127.0.0.1,2020/11/20 11:05
กิต งายย,3440000,TH,YouTube,3/w,游戏,730000,0.1,https://ho.media/wp-content/uploads/2016/09/kol-y-กิต-งายย.jpg,2000,127.0.0.1,2020/11/20 11:05
อาจารย์ยอด,3460000,TH,YouTube,n/d,生活,160000,0.1,https://ho.media/wp-content/uploads/2016/09/kol-y-อาจารย์ยอด.jpg,1900,127.0.0.1,2020/11/20 11:05
Thai Vapes,175000,TH,YouTube,n/d,电子烟,38000,0.4,https://ho.media/wp-content/uploads/2016/09/kol-y-Thai-Vapes.jpg,300,127.0.0.1,2020/11/20 11:05
Vaporism,12000,TH,YouTube,1/w,电子烟,9500,1.2,https://ho.media/wp-content/uploads/2016/09/kol-y-Vaporism.jpg,50,127.0.0.1,2020/11/20 11:05
VAPETIME THAILAND,12100,TH,YouTube,1/w,电子烟,55000,0.3,https://ho.media/wp-content/uploads/2016/09/kol-y-VAPETIME-THAILAND.jpg,50,127.0.0.1,2020/11/20 11:05
Ace Vaper,62200,TH,YouTube,2/w,电子烟,13000,0.8,https://ho.media/wp-content/uploads/2016/09/kol-y-Ace-Vaper.jpg,200,127.0.0.1,2020/11/20 11:05
NICK VFRIENDS,36100,TH,YouTube,2/w,电子烟,7500,0.1,https://ho.media/wp-content/uploads/2016/09/kol-y-NICK-VFRIENDS.jpg,50,127.0.0.1,2020/11/20 11:05
ชาคริต Cnine,10000,TH,YouTube,5/w,电子烟,5000,0.2,https://ho.media/wp-content/uploads/2016/09/kol-y-ชาคริต-Cnine.jpg,50,127.0.0.1,2020/11/20 11:05
C9 Shop By ชาคริต,53000,TH,YouTube,4/w,电子烟,25000,1.1,https://ho.media/wp-content/uploads/2016/09/kol-y-C9-Shop-By-ชาคริต.jpg,150,127.0.0.1,2020/11/20 11:05
VAPECLUB THAILAND,2200,TH,YouTube,1/w,电子烟,6000,0.9,https://ho.media/wp-content/uploads/2016/09/kol-y-VAPECLUB-THAILAND.jpg,50,127.0.0.1,2020/11/20 11:05
สุดจัดปลัดบอก by พี่อู๊ด,115000,TH,YouTube,2/w,电子烟,66000,0.6,https://ho.media/wp-content/uploads/2016/09/kol-y-สุดจัดปลัดบอก-by-พี่อู๊ด.jpg,300,127.0.0.1,2020/11/20 11:05
Monkey Review,10000,TH,YouTube,2/w,电子烟,6000,0.8,https://ho.media/wp-content/uploads/2016/09/kol-y-Monkey-Review.jpg,50,127.0.0.1,2020/11/20 11:05
KITTY VAPE,25500,TH,YouTube,2/w,电子烟,3000,0.4,https://ho.media/wp-content/uploads/2016/09/kol-y-KITTY-VAPE.jpg,50,127.0.0.1,2020/11/20 11:05
Salt nic pod system by Okami,13200,TH,YouTube,2/w,电子烟,3000,0.3,https://ho.media/wp-content/uploads/2016/09/kol-y-Salt-nic-pod-system-by-Okami.jpg,50,127.0.0.1,2020/11/20 11:05
